{
  "project_info": {
    "project_number": "185701578698",
    "project_id": "guc-clinic-71562",
    "storage_bucket": "guc-clinic-71562.appspot.com"
  },
  "client": [
    {
      "client_info": {
        "mobilesdk_app_id": "1:185701578698:android:84c96f2fe294a1ba650133",
        "android_client_info": {
          "package_name": "com.example.guc_clinic"
        }
      },
      "oauth_client": [],
      "api_key": [
        {
          "current_key": "AIzaSyC6_xCLYieWgREKMxrw0YNf5cIa5ZbfIxk"
        }
      ],
      "services": {
        "appinvite_service": {
          "other_platform_oauth_client": []
        }
      }
    }
  ],
  "configuration_version": "1"
}